first,second
train_err,Any[1926.2028726419812]
pred_err,Any[1185.3980551730933]
