first,second
train_err,Any[21.595214451067136]
pred_err,Any[758.7014074244861]
