first,second
train_err,Any[19.935001665362115]
pred_err,Any[678.8061593449297]
