first,second
train_err,Any[71.51442560637696]
pred_err,Any[1159.4495452735462]
