first,second
train_err,Any[28.88260023087312]
pred_err,Any[850.9394977622994]
