first,second
train_err,Any[13.060514215148004]
pred_err,Any[348.9728706627253]
