first,second
train_err,Any[246.81954095012352]
pred_err,Any[1209.2034129532594]
