first,second
train_err,Any[15.683798871672888]
pred_err,Any[440.39792690920495]
