first,second
train_err,Any[125.55590765247483]
pred_err,Any[119.7399747747637]
