first,second
train_err,Any[198.9351331312273]
pred_err,Any[4686.092094579743]
