first,second
train_err,Any[114.51873955229655]
pred_err,Any[38.618563333243856]
