first,second
train_err,Any[116.2268247649983]
pred_err,Any[41.232165129546196]
