first,second
train_err,Any[126.80725325922697]
pred_err,Any[59.48998332820587]
