first,second
train_err,Any[116.56176882351248]
pred_err,Any[47.04421952625321]
