first,second
train_err,Any[118.91464559179398]
pred_err,Any[15.954084841864784]
