first,second
train_err,Any[173.24081078630024]
pred_err,Any[67.05127694017568]
