first,second
train_err,Any[147.62635927782222]
pred_err,Any[53.1538757114362]
