first,second
train_err,Any[142.80935157128118]
pred_err,Any[412.50153559100613]
