first,second
train_err,Any[140.3241206611114]
pred_err,Any[98.27891291194133]
