first,second
train_err,Any[182.2419275673266]
pred_err,Any[124.48456357413473]
