first,second
train_err,Any[189.18689462029923]
pred_err,Any[156.41983771238952]
