first,second
train_err,Any[152.03937659866034]
pred_err,Any[132.63525052938846]
