first,second
train_err,Any[82.25976648020477]
pred_err,Any[156.37588837775934]
