first,second
train_err,Any[163.17247281488642]
pred_err,Any[259.5059950011128]
