first,second
train_err,Any[15.789481080885995]
pred_err,Any[941.6539203593845]
