first,second
train_err,Any[27.06179951048054]
pred_err,Any[681.207527326205]
