first,second
train_err,Any[215.8028071931232]
pred_err,Any[863.0524555537247]
