first,second
train_err,Any[24.907347898588682]
pred_err,Any[547.2824798271166]
