first,second
train_err,Any[20.264425299130636]
pred_err,Any[613.7123981802209]
