first,second
train_err,Any[48.86332094628102]
pred_err,Any[821.3052889827441]
