first,second
train_err,Any[13.76917478423917]
pred_err,Any[1738.81922437695]
