first,second
train_err,Any[125.43543808993655]
pred_err,Any[972.3027017685124]
