first,second
train_err,Any[19.52525871675524]
pred_err,Any[1342.7977519690664]
