first,second
train_err,Any[59.464413151586555]
pred_err,Any[1045.3399328086416]
