first,second
train_err,Any[350.3296055763727]
pred_err,Any[3666.9264716229245]
