first,second
train_err,Any[18.608969162283543]
pred_err,Any[622.663657567135]
