first,second
train_err,Any[14.716021503215956]
pred_err,Any[815.5420897280147]
