first,second
train_err,Any[206.2409997470436]
pred_err,Any[342.7677644243754]
