first,second
train_err,Any[118.17420745127775]
pred_err,Any[23.73251099742813]
