first,second
train_err,Any[133.01593711951062]
pred_err,Any[21.606967744066168]
