first,second
train_err,Any[124.59290275133783]
pred_err,Any[117.4520468255796]
